{
    "results": {
        "tool": {
            "name": "pytest",
            "version": "8.4.1"
        },
        "summary": {
            "tests": 2,
            "passed": 2,
            "failed": 0,
            "skipped": 0,
            "pending": 0,
            "other": 0,
            "start": 1784667577.6687675,
            "stop": 1784667577.7001023
        },
        "tests": [
            {
                "name": "test_outputs.py::test_report_exists",
                "status": "passed",
                "duration": 0.0007456499999989319,
                "start": 1784667577.6949334,
                "stop": 1784667577.696952,
                "retries": 0,
                "file_path": "test_outputs.py"
            },
            {
                "name": "test_outputs.py::test_report_nonempty",
                "status": "passed",
                "duration": 0.0007569529999997826,
                "start": 1784667577.6973028,
                "stop": 1784667577.6991174,
                "retries": 0,
                "file_path": "test_outputs.py"
            }
        ]
    }
}