{
    "results": {
        "tool": {
            "name": "pytest",
            "version": "8.4.1"
        },
        "summary": {
            "tests": 2,
            "passed": 2,
            "failed": 0,
            "skipped": 0,
            "pending": 0,
            "other": 0,
            "start": 1784666553.8381732,
            "stop": 1784666553.862922
        },
        "tests": [
            {
                "name": "test_outputs.py::test_report_exists",
                "status": "passed",
                "duration": 0.0006944990000192774,
                "start": 1784666553.8580956,
                "stop": 1784666553.8600616,
                "retries": 0,
                "file_path": "test_outputs.py"
            },
            {
                "name": "test_outputs.py::test_report_nonempty",
                "status": "passed",
                "duration": 0.0005354770003123122,
                "start": 1784666553.8603761,
                "stop": 1784666553.861779,
                "retries": 0,
                "file_path": "test_outputs.py"
            }
        ]
    }
}