{
    "results": {
        "tool": {
            "name": "pytest",
            "version": "8.4.1"
        },
        "summary": {
            "tests": 2,
            "passed": 2,
            "failed": 0,
            "skipped": 0,
            "pending": 0,
            "other": 0,
            "start": 1784666397.6425939,
            "stop": 1784666397.6731608
        },
        "tests": [
            {
                "name": "test_outputs.py::test_report_exists",
                "status": "passed",
                "duration": 0.0008309189997817157,
                "start": 1784666397.6680977,
                "stop": 1784666397.6701505,
                "retries": 0,
                "file_path": "test_outputs.py"
            },
            {
                "name": "test_outputs.py::test_report_nonempty",
                "status": "passed",
                "duration": 0.0007040009998036112,
                "start": 1784666397.6705546,
                "stop": 1784666397.672272,
                "retries": 0,
                "file_path": "test_outputs.py"
            }
        ]
    }
}