{
    "results": {
        "tool": {
            "name": "pytest",
            "version": "8.4.1"
        },
        "summary": {
            "tests": 2,
            "passed": 2,
            "failed": 0,
            "skipped": 0,
            "pending": 0,
            "other": 0,
            "start": 1784666969.1823382,
            "stop": 1784666969.2190893
        },
        "tests": [
            {
                "name": "test_outputs.py::test_report_exists",
                "status": "passed",
                "duration": 0.001734016000000338,
                "start": 1784666969.2102592,
                "stop": 1784666969.213633,
                "retries": 0,
                "file_path": "test_outputs.py"
            },
            {
                "name": "test_outputs.py::test_report_nonempty",
                "status": "passed",
                "duration": 0.0014904730001035205,
                "start": 1784666969.21403,
                "stop": 1784666969.217147,
                "retries": 0,
                "file_path": "test_outputs.py"
            }
        ]
    }
}