{
    "results": {
        "tool": {
            "name": "pytest",
            "version": "8.4.1"
        },
        "summary": {
            "tests": 2,
            "passed": 2,
            "failed": 0,
            "skipped": 0,
            "pending": 0,
            "other": 0,
            "start": 1784666761.651853,
            "stop": 1784666761.7108195
        },
        "tests": [
            {
                "name": "test_outputs.py::test_report_exists",
                "status": "passed",
                "duration": 0.0022498109999560256,
                "start": 1784666761.6996644,
                "stop": 1784666761.704819,
                "retries": 0,
                "file_path": "test_outputs.py"
            },
            {
                "name": "test_outputs.py::test_report_nonempty",
                "status": "passed",
                "duration": 0.0012995370000226103,
                "start": 1784666761.7054973,
                "stop": 1784666761.7089345,
                "retries": 0,
                "file_path": "test_outputs.py"
            }
        ]
    }
}